module_group,avg_total_l2,avg_ratio,ratio_std,avg_ma_total,avg_std_total,avg_sparsity,avg_heavy_tail,stability_ratio,recommended_bits,rationale
image_encoder.neck.convs.0,0.0037738035570446696,0.0005871557736196074,0.0002164385557967478,0.0037982555995631218,0.0013608139219389733,0.952403987637601,21450.075120620237,0.3582733932112139,32,Extreme gradient-to-weight scaling
image_encoder.neck.convs.1,0.008845835019715394,0.0009270325557938999,0.00035630190511635524,0.008874798110804221,0.0034593326117846436,0.9526550242226786,18315.19271612196,0.38979282329512777,32,Extreme gradient-to-weight scaling
image_encoder.neck.convs.2,0.0006055601157917724,0.00011743824513373762,7.384862846590759e-05,0.0006072446624489548,0.00036113211479670313,0.9521069159221135,22732.96776835281,0.5947061162140063,32,Extreme gradient-to-weight scaling
image_encoder.neck.convs.3,0.001270052170505788,0.00035628373709153217,0.0002964329687612504,0.0012677839063541506,0.0009214870953624555,0.9745793817580616,12596.832459018542,0.726848708793312,32,Extreme gradient-to-weight scaling
image_encoder.trunk.blocks.0,0.045422450034730784,0.0012135996594823532,0.0002573689622167095,0.045584052290254064,0.010669110829108715,0.9555637462376186,86892.05014090438,0.23405358438020626,32,Extreme gradient-to-weight scaling
image_encoder.trunk.blocks.1,0.04546774659353975,0.0007161713687468821,0.00022712591733066686,0.04553956999836221,0.013471771842999754,0.967872163287903,301755.3122561356,0.29582562688853353,32,Extreme gradient-to-weight scaling
image_encoder.trunk.blocks.10,0.019047509321541402,0.00014218760786955975,4.382737938017249e-05,0.019100264448150907,0.0058673059467245214,0.9591296552677313,56595.523270797756,0.30718453991313893,32,Extreme gradient-to-weight scaling
image_encoder.trunk.blocks.11,0.016569581978877108,0.0001301451650321971,4.1024796695282e-05,0.016626193430569536,0.005254099911790722,0.9586101754524196,35240.003148568605,0.3160133998038504,32,Extreme gradient-to-weight scaling
image_encoder.trunk.blocks.12,0.0150536459342398,0.0001170464261749785,3.840197987503417e-05,0.01511788351851033,0.004978787476578334,0.9576831132695373,29052.49742248957,0.3293309854175228,32,Extreme gradient-to-weight scaling
image_encoder.trunk.blocks.13,0.015834572808557823,0.00011072353516863951,3.840158973974295e-05,0.015922830289905227,0.0054729790946844645,0.9606287722953397,32107.392383670227,0.34371898682825436,32,Extreme gradient-to-weight scaling
image_encoder.trunk.blocks.14,0.010213189066232446,6.88511506162839e-05,2.560567137899519e-05,0.010285287977263923,0.003861234038448342,0.9672567536161042,180177.9890355866,0.37541331336407574,32,Extreme gradient-to-weight scaling
image_encoder.trunk.blocks.15,0.004282175443692089,2.641593039717279e-05,9.989311008792893e-06,0.0043139706865123004,0.0016182673029166528,0.9692619085787907,289286.4959329753,0.3751224615355389,32,Extreme gradient-to-weight scaling
image_encoder.trunk.blocks.2,0.019641872922450246,0.00023162282402176623,6.752905675987703e-05,0.01967509066809279,0.005706483126012139,0.9571077769525419,118228.64090631534,0.29003592523547433,32,Extreme gradient-to-weight scaling
image_encoder.trunk.blocks.3,0.040317747249189226,0.0003197373224148808,9.44541516754455e-05,0.040397820039371465,0.011810119696561452,0.9648143892397032,49155.82521563675,0.29234547025189433,32,Extreme gradient-to-weight scaling
image_encoder.trunk.blocks.4,0.0200975371728972,0.00014621943074731033,4.278769054105012e-05,0.0201392891138934,0.005758758690097512,0.9609929266312031,86327.25362434759,0.2859464729628785,32,Extreme gradient-to-weight scaling
image_encoder.trunk.blocks.5,0.02002911686517821,0.00014543646718905354,4.2586846329745545e-05,0.020045801436014893,0.005717553896613325,0.9602313514300793,36422.278783485366,0.2852245102229235,32,Extreme gradient-to-weight scaling
image_encoder.trunk.blocks.6,0.022979878323291774,0.00017709275508799688,5.0909915232587624e-05,0.022975110505534618,0.006467764727314883,0.9603709196335436,92237.61067720584,0.28151180059642467,32,Extreme gradient-to-weight scaling
image_encoder.trunk.blocks.7,0.02063190662835515,0.00017010425159979012,4.935695040014744e-05,0.02064796305955153,0.005855213492934602,0.9601693058223078,70741.7782781858,0.2835734196175851,32,Extreme gradient-to-weight scaling
image_encoder.trunk.blocks.8,0.02150014264377561,0.00018644262628952807,5.630744021818739e-05,0.02152524341055535,0.006357212513774151,0.958112967626351,82079.33720803163,0.2953375435771732,32,Extreme gradient-to-weight scaling
image_encoder.trunk.blocks.9,0.01924065311268054,0.00015498306015491258,4.697815442627823e-05,0.019272866114677312,0.00575853563120016,0.9584146404089615,50937.13838658948,0.29878979062770167,32,Extreme gradient-to-weight scaling
image_encoder.trunk.patch_embed.proj,0.08815046228941671,0.020424940112713542,0.002010456489006327,0.08814056731375042,0.009138784784202752,0.944051597974265,11253.149876409234,0.10368420652061143,32,Extreme gradient-to-weight scaling
image_encoder.trunk.pos_embed,0.005477394764412842,0.003214199268483636,0.0008260770824954146,0.005481627770719788,0.0013225713329116774,0.9969873756922105,1152110.0164780242,0.24127346624595997,32,Extreme gradient-to-weight scaling
image_encoder.trunk.pos_embed_window,0.00578064644714291,0.0030460129369174736,0.0008162652376404602,0.005767601360658503,0.0014677191533947925,0.9866400579894069,904788.7593422885,0.2544765252685943,32,Extreme gradient-to-weight scaling
mask_downsample.bias,7.305302779414546e-07,0.0002013680429813641,0.00022775761162820293,7.274660274863997e-07,7.727787708782292e-07,0.0,1.0,1.0622884666496355,16,High gradient dynamics or heavy tails
mask_downsample.weight,4.266632623028954e-07,2.6042739185496463e-06,5.149186350186386e-06,4.352168162268403e-07,7.172104719284846e-07,0.1777007892769649,1.427944726212319,1.6479383268009242,16,High gradient dynamics or heavy tails
maskmem_tpos_enc,9.766932644215903e-05,2.5094498671709395e-05,2.2377824968527982e-05,9.977705500578158e-05,8.393494740710772e-05,0.9643834112763274,963.3827012467161,0.841224942971549,32,Extreme gradient-to-weight scaling
memory_attention.layers.0.cross_attn_image,0.0049695003646809364,0.00030140087472503905,0.00019147984563016234,0.005079900210811829,0.0031074317902632714,0.9471999819061617,40629.81300160205,0.611711187485446,32,Extreme gradient-to-weight scaling
memory_attention.layers.0.linear1,0.0018984142464123258,6.900308420460873e-05,4.4311720546528927e-05,0.0019305338110173664,0.0012065151918611123,0.9936568761837069,495751.9103536393,0.6249645486526312,32,Extreme gradient-to-weight scaling
memory_attention.layers.0.linear2,0.0014197456554738794,0.0003619030795254919,0.00022707440049569505,0.001444955993291147,0.0008855106951688918,0.9508893302661391,28955.575799073613,0.6128288330442383,32,Extreme gradient-to-weight scaling
memory_attention.layers.0.norm1,0.000173551002802851,3.4849775073741595e-05,2.4311305913720267e-05,0.00017623096213759967,0.00011818193747027857,0.9252701740124505,474.61416283228255,0.6706082520164822,32,Extreme gradient-to-weight scaling
memory_attention.layers.0.norm2,7.999992755613545e-05,1.1279173434515134e-05,8.921863802879136e-06,8.176962345593279e-05,6.18984689572013e-05,0.9215366089895491,1086.6010385533216,0.7569861073233334,32,Extreme gradient-to-weight scaling
memory_attention.layers.0.norm3,0.0001994010164041341,3.257111903288648e-05,2.1522933517981915e-05,0.00020337540296325158,0.00012934747582602453,0.9218928527910176,475.3449908386685,0.6360035379961689,32,Extreme gradient-to-weight scaling
memory_attention.layers.0.self_attn,0.0014501704425680878,0.00021916706323264624,0.00013892088240385176,0.0014744360953004058,0.0009069224318689872,0.9614385365387873,54838.05318666917,0.6150978226589117,32,Extreme gradient-to-weight scaling
memory_attention.layers.1.cross_attn_image,0.005160793708128454,0.00022101368453482077,0.0001419099167747934,0.0052452766731348015,0.0033040077803389595,0.956768740392623,63442.0669954696,0.6299015259312039,32,Extreme gradient-to-weight scaling
memory_attention.layers.1.linear1,0.0020285421986560846,7.204161247144193e-05,4.5072338557079715e-05,0.0020664201631161072,0.0012541964425292174,0.9939317367102294,261924.86590276926,0.606941639902469,32,Extreme gradient-to-weight scaling
memory_attention.layers.1.linear2,0.0014218981161429442,0.00022187444672842375,0.00014127551437900126,0.0014485574550342408,0.000879428778718626,0.9557071107823497,66442.53377434387,0.6071065912244662,32,Extreme gradient-to-weight scaling
memory_attention.layers.1.norm1,0.0002960251642722666,5.020325388328897e-05,3.373954603230081e-05,0.0003038291315331185,0.0001934954460952306,0.9292043215606156,436.40045719270506,0.6368561339686377,32,Extreme gradient-to-weight scaling
memory_attention.layers.1.norm2,0.0001296075260484031,3.208557506920549e-05,2.6593343995700144e-05,0.00013060580274535915,0.00010200914518952556,0.9285072826080847,328.67685058947416,0.781046041180971,32,Extreme gradient-to-weight scaling
memory_attention.layers.1.norm3,0.00019213754284123135,3.4067205804368154e-05,2.191388653528085e-05,0.00019563740952291652,0.00012282691650923052,0.9174263610508809,301.27904909916725,0.6278293952509264,32,Extreme gradient-to-weight scaling
memory_attention.layers.1.self_attn,0.0029742412986102653,0.00021625564525355867,0.000135824029991273,0.0030448158449995245,0.0018211305965960334,0.9603085403448521,48138.260773032576,0.5981086178288454,32,Extreme gradient-to-weight scaling
memory_attention.layers.2.cross_attn_image,0.0025438210555245454,0.00014452802440325619,9.381467768552584e-05,0.0025897377013684338,0.0016435583452207186,0.9540793248096672,37380.89428032004,0.6346427842295581,32,Extreme gradient-to-weight scaling
memory_attention.layers.2.linear1,0.0019205773488319205,7.071840658184561e-05,4.654386166315742e-05,0.0019543428792477913,0.0012469608135303393,0.9935706981089717,397842.0629106871,0.6380460802304472,32,Extreme gradient-to-weight scaling
memory_attention.layers.2.linear2,0.0011902537102974234,0.00017516379997182133,0.00011281655344016899,0.0012123233636356493,0.0007511272281863516,0.963529633739022,127876.9823728914,0.6195766333610764,32,Extreme gradient-to-weight scaling
memory_attention.layers.2.norm1,0.000252415176468283,7.380782653613746e-05,4.922054579260119e-05,0.00025656875234033986,0.000165953577382743,0.9205840461970659,205.88621017313034,0.6468191308137348,32,Extreme gradient-to-weight scaling
memory_attention.layers.2.norm2,6.428931969931531e-05,1.1863841253035787e-05,1.1351406247048907e-05,6.537550290655421e-05,5.4018982759578106e-05,0.9136217693663713,116.92776080628441,0.8262878350135405,16,High gradient dynamics or heavy tails
memory_attention.layers.2.norm3,0.00017605553983989847,3.009021257303666e-05,1.9971705767866555e-05,0.00018007656095138218,0.00011433601151816367,0.9173710710371603,9123.436150511146,0.6349300037389796,32,Extreme gradient-to-weight scaling
memory_attention.layers.2.self_attn,0.0043673569531693995,0.0001527684127075197,9.602470000327945e-05,0.004438336082253109,0.002753130239418807,0.9722673451361746,123935.51640610861,0.6203068421130443,32,Extreme gradient-to-weight scaling
memory_attention.layers.3.cross_attn_image,0.0017968547176757618,0.0001074418066397938,7.081473535864212e-05,0.001834285253861484,0.00120469619231261,0.9647297074304199,115833.34908335295,0.6567660017854466,32,Extreme gradient-to-weight scaling
memory_attention.layers.3.linear1,0.0018963852904212044,6.872991535364179e-05,4.421232329307257e-05,0.0019341122716217307,0.001201225514174574,0.9942516556846808,331236.438221528,0.621073311926903,32,Extreme gradient-to-weight scaling
memory_attention.layers.3.linear2,0.001004937054353189,0.00014613471061335857,0.00010140010278530884,0.0010249191148635982,0.0006397804882063002,0.972026635481921,47388.18607300409,0.6242253451302308,32,Extreme gradient-to-weight scaling
memory_attention.layers.3.norm1,0.00022738524258159032,4.541735088917234e-05,3.1480728187721774e-05,0.00023133153231981435,0.00015797998976170672,0.9272882659178626,332.65503025306197,0.6829159353135672,32,Extreme gradient-to-weight scaling
memory_attention.layers.3.norm2,5.408062682283984e-05,8.862858634438915e-06,7.763487642769752e-06,5.476766836481965e-05,4.2476801672162564e-05,0.9189781955979647,176.17451208118936,0.7755817061485093,32,Extreme gradient-to-weight scaling
memory_attention.layers.3.norm3,0.00017927050073149198,3.751109144438256e-05,2.443727327175359e-05,0.00018297082314321222,0.0001132696543451768,0.9191440050325117,503.43485253412047,0.619058560263021,32,Extreme gradient-to-weight scaling
memory_attention.layers.3.self_attn,0.0030373967808996097,0.00010773831015184924,6.903366117009651e-05,0.003088816637677431,0.001955400190264291,0.9719582147463193,88767.60723573793,0.6330580347218706,32,Extreme gradient-to-weight scaling
memory_attention.norm.bias,0.00017729729716889958,0.00012086469235846638,8.68129005365054e-05,0.00018008365614768593,0.00012201884771094981,0.9361901003494708,3095.4714408635646,0.6775675834284629,32,Extreme gradient-to-weight scaling
memory_attention.norm.weight,0.00020804500509294266,1.3267627270585485e-05,8.880067810310452e-06,0.00021112676308949135,0.00013563056702852963,0.9741316442848343,826.063642571669,0.6424129515547928,32,Extreme gradient-to-weight scaling
memory_encoder.fuser.layers.0,0.0035379758160953554,0.00046526249798804395,0.0003372986966777984,0.0035887284665134557,0.0023678143331023705,0.9760564481508684,24042.141414383197,0.6597920002018889,32,Extreme gradient-to-weight scaling
memory_encoder.fuser.layers.1,0.0019128739376040533,0.00016501305622868237,0.00011555444925602465,0.0019477468490364076,0.0012814539997423283,0.9728449845146089,30459.688689710314,0.6579160943714484,32,Extreme gradient-to-weight scaling
memory_encoder.mask_downsampler.encoder.0,0.00897757350304079,0.022170335846566212,0.018354943494688435,0.009160940040410542,0.0072983653700682185,0.5932979255950757,325306.02436739096,0.796683019196046,32,Extreme gradient-to-weight scaling
memory_encoder.mask_downsampler.encoder.1,0.0005704481758839294,0.0007062791301552001,0.0005574443860416847,0.0005793366793937244,0.000430020503760783,0.5818604169282517,16.591087636467297,0.7422635559875119,4,Low-energy + moderate sparsity
memory_encoder.mask_downsampler.encoder.10,0.000719798429960737,0.00019300035252601126,0.00014646017209199482,0.000731809887992921,0.0005137814182557522,0.9660359769974929,144.22243372510445,0.7020695219968416,32,Extreme gradient-to-weight scaling
memory_encoder.mask_downsampler.encoder.12,0.0010868093751970837,0.0002794343394001365,0.00019010302512095277,0.0011055462963954481,0.0006939573547999557,0.9751983251342055,8428.725951559307,0.6277053770272238,32,Extreme gradient-to-weight scaling
memory_encoder.mask_downsampler.encoder.3,0.006699345087099573,0.014362679763736688,0.011559183153533182,0.00678941076594414,0.005040159849169392,0.8937445396675535,34376.74310642567,0.7423560045079264,32,Extreme gradient-to-weight scaling
memory_encoder.mask_downsampler.encoder.4,0.0005819157563292799,0.0006650742324909359,0.0005300811850111428,0.0005877081612449142,0.0004325634207431028,0.8037656485601097,37.253251443774396,0.7360173794878471,8,Default balance
memory_encoder.mask_downsampler.encoder.6,0.004829827919514212,0.007015122819257769,0.005304349488226016,0.004915601658698477,0.0033595570321830297,0.962381350050452,526159.6710524816,0.6834477782059648,32,Extreme gradient-to-weight scaling
memory_encoder.mask_downsampler.encoder.7,0.0009211357901197358,0.0005458629589047571,0.00044620224243240513,0.0009416255886516552,0.0007194479783402783,0.9381558704233809,147.2049466802523,0.7640488820726289,32,Extreme gradient-to-weight scaling
memory_encoder.mask_downsampler.encoder.9,0.001602008742957611,0.0006497922796668167,0.00046205786751145946,0.0016262814961858895,0.0010900558850464412,0.9803725534046346,1661625.966250366,0.6702750339365874,32,Extreme gradient-to-weight scaling
memory_encoder.out_proj.bias,0.00037853703478820376,0.0013691708818554806,0.0009348767116081552,0.0003874394365546226,0.0002498505675649449,0.871923776947138,173.89537791166651,0.6448764477534544,32,Extreme gradient-to-weight scaling
memory_encoder.out_proj.weight,0.0032412203852938705,0.000622959892518979,0.00040035224445155907,0.003300423651387495,0.0020362915570483974,0.9891045581800992,6051.040935293536,0.6169788403353437,32,Extreme gradient-to-weight scaling
memory_encoder.pix_feat_proj.bias,0.00031372177250595405,0.0004959422873446715,0.0003441130853462891,0.0003201711670391641,0.0002070768947586829,0.952236348623117,371.1173278503316,0.6467693411423047,32,Extreme gradient-to-weight scaling
memory_encoder.pix_feat_proj.weight,0.0020265180706385013,0.0002194638140599263,0.00014464621336696354,0.002061280989252986,0.0012875309347112275,0.9963913070376335,24921.832918596585,0.6246265993933376,32,Extreme gradient-to-weight scaling
no_mem_embed,0.000440501365162726,0.0019113079508939498,0.0009956021330711333,0.0004372782863730722,0.00021175670242754499,0.9237548307493446,382.1982500962052,0.4842607305840034,32,Extreme gradient-to-weight scaling
no_obj_embed_spatial,2.9396083212442143e-05,1.7721099993305857e-05,4.43956653913008e-05,2.895110270052922e-05,6.000435814650469e-05,0.9260285702296641,22.732423537625905,2.0726104551937437,16,High gradient dynamics or heavy tails
no_obj_ptr,5.8627117575616015e-06,1.946617257923458e-06,6.012250722315133e-06,5.7958170777152444e-06,1.1786416041508999e-05,0.9325569207560445,35.70937764485134,2.0336073211881445,16,High gradient dynamics or heavy tails
obj_ptr_proj.layers.0.bias,1.7805774623972418e-05,1.0397674472684237e-05,8.984731391259396e-06,1.845074008146284e-05,1.4382988490633367e-05,0.948710798295683,199.1012797672005,0.7795345025256587,32,Extreme gradient-to-weight scaling
obj_ptr_proj.layers.0.weight,0.0005799010938981946,8.076038272226498e-05,7.054198044809141e-05,0.0006016005201725394,0.00047139548807369837,0.9950107442686873,58537.804306846214,0.7835689502703587,32,Extreme gradient-to-weight scaling
obj_ptr_proj.layers.1.bias,3.0818988286061774e-05,2.560944283844628e-05,2.303831844150556e-05,3.196012211496405e-05,2.562150386251983e-05,0.9417536459263935,145.64714473434108,0.8016710252343995,32,Extreme gradient-to-weight scaling
obj_ptr_proj.layers.1.weight,0.00043402392392606447,6.797410012791305e-05,6.0235022837765745e-05,0.0004525554799988311,0.0003535473959785349,0.9972654352919946,2263.046594821768,0.7812244279517908,32,Extreme gradient-to-weight scaling
obj_ptr_proj.layers.2.bias,4.874682641164008e-05,2.1603452761058333e-05,1.8598996147822867e-05,5.032545256838898e-05,3.847539616825762e-05,0.9395016206820638,831.2268596599076,0.7645315482453355,32,Extreme gradient-to-weight scaling
obj_ptr_proj.layers.2.weight,0.0003978996136892044,5.967490922389177e-05,5.18524709721979e-05,0.00041241824818677073,0.0003153065261179747,0.9973559584693199,2443.7071943236606,0.7645309767553804,32,Extreme gradient-to-weight scaling
obj_ptr_tpos_proj.bias,3.0001216769664328e-05,8.655230062307565e-05,8.985900269019645e-05,3.0645060573498944e-05,2.940188243903037e-05,0.8902393375745831,131.6566427885746,0.9594330012340181,32,Extreme gradient-to-weight scaling
obj_ptr_tpos_proj.weight,0.000339658463670451,6.159469443870535e-05,6.38262007521082e-05,0.00034696709804917056,0.0003324076925994204,0.9472066496879346,288.1460615698017,0.9580380804646588,32,Extreme gradient-to-weight scaling
sam_mask_decoder.conv_s0.bias,0.0014055884786775214,0.0046727281563727074,0.0034963840060238467,0.0014002066069539474,0.0009914601499811844,0.8500216472696912,15.74221975159275,0.7080813253252942,4,Low-energy + moderate sparsity
sam_mask_decoder.conv_s0.weight,0.0009178602342770952,0.00038075594681229673,0.00027202344174250654,0.0009176026184407221,0.0006251142322524619,0.9923764379703882,4607.128978503013,0.6812472193188764,32,Extreme gradient-to-weight scaling
sam_mask_decoder.conv_s1.bias,0.0002173355572752015,0.00032251296463062755,0.00020058723579205633,0.00021705157290629644,0.00012866619996719283,0.8875114081482339,206803.88742449944,0.5927909125207743,32,Extreme gradient-to-weight scaling
sam_mask_decoder.conv_s1.weight,0.0002470877683188756,4.873480292732114e-05,3.317250985678016e-05,0.00024774578937120805,0.00016119865929535823,0.9859263628208773,1614147.884385853,0.6506615499076249,32,Extreme gradient-to-weight scaling
sam_mask_decoder.iou_prediction_head.layers.0,0.0017893014973964227,0.0001077848447811184,9.132922745878592e-05,0.0017925072105396472,0.001371846335487252,0.9811666895800183,57725.44729949581,0.7653226315749367,32,Extreme gradient-to-weight scaling
sam_mask_decoder.iou_prediction_head.layers.1,0.0015048130342079178,7.51214732331284e-05,7.162609230442876e-05,0.0015136184782811631,0.0013023188093916145,0.9684501646099772,500.42841958093754,0.8604009716309116,32,Extreme gradient-to-weight scaling
sam_mask_decoder.iou_prediction_head.layers.2,0.002888118727117009,0.000494164302739083,0.0005492092758716783,0.0029051390716318577,0.0029391044843562935,0.8055719601498537,62.709048621186305,1.0116914928638363,16,High gradient dynamics or heavy tails
sam_mask_decoder.iou_token.weight,0.0002527944144553065,0.00019496887521215097,0.00014634557859345278,0.00025337864718545373,0.0001679116146689712,0.9138491534829506,241.58412155164012,0.6626904695172391,32,Extreme gradient-to-weight scaling
sam_mask_decoder.mask_tokens.weight,0.00039584958860517793,0.00012952577595253412,9.343890765833157e-05,0.00039784223822747256,0.00024926796242956596,0.9614102779137915,1302.55593684737,0.6265497689238393,32,Extreme gradient-to-weight scaling
sam_mask_decoder.obj_score_token.weight,0.00016107710224905927,7.253172178598794e-05,4.3999007669461925e-05,0.0001615976357666719,9.287386012680797e-05,0.9122603003651596,499.11540964932846,0.5747228892686708,32,Extreme gradient-to-weight scaling
sam_mask_decoder.output_hypernetworks_mlps.0.layers,0.0013189195316160947,4.4033467116483145e-05,6.758180570118413e-05,0.0012585932613933312,0.001750095888385373,0.9782058261162748,4898.998998522954,1.3905174467944645,32,Extreme gradient-to-weight scaling
sam_mask_decoder.output_hypernetworks_mlps.1.layers,0.000785415943591306,2.3450847397637443e-05,3.0275758367135048e-05,0.0007885775075562626,0.0008538602876651311,0.949947577937695,7444.710133495669,1.0827854960144305,32,Extreme gradient-to-weight scaling
sam_mask_decoder.output_hypernetworks_mlps.2.layers,0.0010902294347172312,3.670832562780739e-05,3.533056533498939e-05,0.0011320079405406276,0.0010059777068990201,0.9465635808946387,10201.735657761543,0.8886666523015576,32,Extreme gradient-to-weight scaling
sam_mask_decoder.output_hypernetworks_mlps.3.layers,0.0008947833164964189,2.7978658369557645e-05,2.9782279636656472e-05,0.000895889986816426,0.0008768982481814875,0.9495405283560693,7201.516130538956,0.978801260294887,32,Extreme gradient-to-weight scaling
sam_mask_decoder.output_upscaling.0.bias,0.00021732749044768633,0.0004241093315323198,0.0002637363701565527,0.00021704703317317436,0.00012864941991496136,0.8875295796835835,24258.494067327498,0.5927260006005999,32,Extreme gradient-to-weight scaling
sam_mask_decoder.output_upscaling.0.weight,0.0029205813731570506,0.0004319724128530523,0.00025154979008201934,0.0029449746848340705,0.0016261751324162265,0.9971569358397727,5837416.107437107,0.5521864553847092,32,Extreme gradient-to-weight scaling
sam_mask_decoder.output_upscaling.1.bias,0.0004627717756232849,0.0002791680539822185,0.00018675458103549006,0.0004617084835713627,0.00029400282663784966,0.9092696744709733,277.81690906547954,0.6367715497963292,32,Extreme gradient-to-weight scaling
sam_mask_decoder.output_upscaling.1.weight,0.000576534597267591,0.00014111558737481465,8.963298840980178e-05,0.0005823294935163321,0.0003438886156316427,0.9471073903916963,155.09769343548172,0.5905395819042402,32,Extreme gradient-to-weight scaling
sam_mask_decoder.output_upscaling.3.bias,0.0014055081847879553,0.004383169903790159,0.003280304614870903,0.0014001642105939867,0.0009915934805200908,0.8499231758294602,15.695105544020617,0.708197990648133,4,Low-energy + moderate sparsity
sam_mask_decoder.output_upscaling.3.weight,0.0029849967587601304,0.0004972132524794684,0.00030744060571112316,0.002991166391608006,0.0017466815757263077,0.9912690252519437,386.52417938330973,0.5839466439001135,32,Extreme gradient-to-weight scaling
sam_mask_decoder.pred_obj_score_head.layers.0,0.0003952225620832465,3.637066393316354e-05,5.168246230261623e-05,0.0003895588720307389,0.0005226394911647512,0.9705714024026252,8455.222886297857,1.341618760831383,32,Extreme gradient-to-weight scaling
sam_mask_decoder.pred_obj_score_head.layers.1,0.00023838080143679795,2.3257633211423773e-05,3.5916894977675154e-05,0.000235287637252464,0.0003190047491298661,0.9724724684805698,258.7633984321754,1.355807525014897,32,Extreme gradient-to-weight scaling
sam_mask_decoder.pred_obj_score_head.layers.2,0.0006660765436956595,0.0011937701495559035,0.001866273674348583,0.0006586898143848824,0.0009147576972961359,0.4564760195080433,9.166012030706923,1.388753366636438,16,High gradient dynamics or heavy tails
sam_mask_decoder.transformer.final_attn_token_to_image.k_proj,0.0021764285267095126,0.0001803990520584742,9.356428357798694e-05,0.0021902709593496737,0.0010599615336052768,0.9687773585061293,16799.90743010788,0.4839408243443981,32,Extreme gradient-to-weight scaling
sam_mask_decoder.transformer.final_attn_token_to_image.out_proj,0.001737584855578936,0.00015499686678443515,8.298529381237403e-05,0.0017432091285703498,0.0008544430652759389,0.9580690299522807,1438906.1789503547,0.49015522651415294,32,Extreme gradient-to-weight scaling
sam_mask_decoder.transformer.final_attn_token_to_image.q_proj,0.001324685222055885,0.00010645908141763571,5.8913062597991166e-05,0.0013274926677289216,0.0006837486829731379,0.9740268041859521,91443.85054379293,0.5150677661692077,32,Extreme gradient-to-weight scaling
sam_mask_decoder.transformer.final_attn_token_to_image.v_proj,0.0024947022455742863,0.00021984639965095393,0.00011755646931190092,0.0024932213623470962,0.0012152676298781931,0.9467622138942522,18900.444517952557,0.48742869294772573,32,Extreme gradient-to-weight scaling
sam_mask_decoder.transformer.layers.0,0.030841389095270594,0.00022503460192951856,0.00013986785255083544,0.030768767611171973,0.020022136468911843,0.9597720809529067,603907.3551419509,0.6507292304304678,32,Extreme gradient-to-weight scaling
sam_mask_decoder.transformer.layers.1,0.02959202619857697,0.00015064778406635794,9.121675298828239e-05,0.029486539066116254,0.018413817176136778,0.9624447248413424,499454.1399857895,0.6244821453900832,32,Extreme gradient-to-weight scaling
sam_mask_decoder.transformer.norm_final_attn.bias,7.402882121091945e-05,4.628181839835393e-05,3.222242913938222e-05,7.423744525419704e-05,4.5034518796658685e-05,0.9176557100757574,162.7192709707102,0.6066280788954365,32,Extreme gradient-to-weight scaling
sam_mask_decoder.transformer.norm_final_attn.weight,7.943426388741817e-05,2.0344094777833864e-06,1.61272372793515e-06,7.973690891441183e-05,5.3606092749185795e-05,0.9672010975865194,102.02438371084813,0.6722870685484638,16,High gradient dynamics or heavy tails
sam_prompt_encoder.mask_downscaling.0.bias,0.00018939490785355295,0.0005156833296229448,0.0009282945353003969,0.000177689313379273,0.00027015538227137987,0.5202416952046397,1480030.0462900393,1.5203805852676158,32,Extreme gradient-to-weight scaling
sam_prompt_encoder.mask_downscaling.0.weight,0.0026278716559035853,0.017248818627662598,0.0331138888301952,0.002546553704365481,0.004328064740711234,0.6299639802622437,2269764.8906999915,1.6995772495556494,32,Extreme gradient-to-weight scaling
sam_prompt_encoder.mask_downscaling.1.bias,0.0005615190294137523,0.0013260103455844698,0.0022879403264538197,0.0005289865922809294,0.0008120343700146059,0.5360267542656095,25.629680003889664,1.535075523395039,16,High gradient dynamics or heavy tails
sam_prompt_encoder.mask_downscaling.1.weight,0.0008422510045088393,0.003519367822371167,0.006014807571084754,0.0008180471635377349,0.0013009474585048478,0.6457668858106841,13.341840206021914,1.5903086233790695,16,High gradient dynamics or heavy tails
sam_prompt_encoder.mask_downscaling.3.bias,0.003918385136351479,0.04691924309370868,0.0763681356626431,0.0037153440591956195,0.005508214211189053,0.7828544069527351,17877.85179006173,1.4825583104627984,32,Extreme gradient-to-weight scaling
sam_prompt_encoder.mask_downscaling.3.weight,0.002649317755265325,0.0052608809036715455,0.008206077932822622,0.002529621063175301,0.003694441668374783,0.9167310959260917,35299.16037133288,1.4604723696194022,32,Extreme gradient-to-weight scaling
sam_prompt_encoder.mask_downscaling.4.bias,8.588867463975725e-05,2.5990815807061052e-05,3.9791880516149365e-05,8.178786154025828e-05,0.00011392413271167905,0.7580779041036864,54.23463678752253,1.3929222572423219,16,High gradient dynamics or heavy tails
sam_prompt_encoder.mask_downscaling.4.weight,0.00014421322162521508,8.720378125818972e-05,0.00013783293327536742,0.00013971423566176548,0.00020439198961440992,0.8164375170800201,15.800854130506455,1.4629288751163696,16,High gradient dynamics or heavy tails
sam_prompt_encoder.mask_downscaling.6.bias,0.000145960859198732,6.494385436527176e-05,9.257305687240321e-05,0.00014079823103736066,0.00019123568071435676,0.921709372797239,525.2628595922635,1.3582250238897715,32,Extreme gradient-to-weight scaling
sam_prompt_encoder.mask_downscaling.6.weight,0.0005674191132471932,0.00013279751477344794,0.00019355396474611677,0.0005492815297146232,0.0007592165066745099,0.9746178010883227,2844.348678223361,1.3821992286340987,32,Extreme gradient-to-weight scaling
sam_prompt_encoder.no_mask_embed.weight,0.00025750153728317264,0.000540484625551882,0.00029920384156977546,0.00025898361373665585,0.00013463285810616494,0.933748049997232,2697.2164029106084,0.5198508745926474,32,Extreme gradient-to-weight scaling
sam_prompt_encoder.not_a_point_embed.weight,0.00020754111022577726,0.00013329479213514258,7.775896031751352e-05,0.00020909737731567382,0.00011030886236131663,0.8936211279340974,193.41968702621196,0.5275478046517227,32,Extreme gradient-to-weight scaling
sam_prompt_encoder.point_embeddings.0.weight,0.00018919345930488936,0.00010050689438235673,0.00019555328361696368,0.00018550514726545561,0.00032487627774247007,0.9806933780013507,88.98133008863014,1.7513060016473616,16,High gradient dynamics or heavy tails
sam_prompt_encoder.point_embeddings.1.weight,0.0002193666212050353,0.00013975538440869802,0.00026700828394177206,0.00021362247635052707,0.0003507125320800375,0.9783134785432842,94.2505025682904,1.6417398490623396,16,High gradient dynamics or heavy tails
sam_prompt_encoder.point_embeddings.2.weight,4.54008857908004e-05,2.1497100223734044e-05,6.439165202505164e-05,4.4986129520466197e-05,0.00010288540288955836,0.9884415916424977,35.37143283716937,2.287047229585537,16,High gradient dynamics or heavy tails
sam_prompt_encoder.point_embeddings.3.weight,4.7035740691300184e-05,2.1765956434745065e-05,6.0301126936915336e-05,4.692240270724992e-05,0.00010303416651286241,0.9888688393984968,42.80014948508507,2.195841657037369,16,High gradient dynamics or heavy tails
